pitch_id,pitch_type,pitcher_handedness,ball_path_file,source_file,total_rows,tracked_rows,tracked_fraction,anchor_count,status,first_frame,last_frame,duration_frames,duration_sec,start_x,start_y,end_x,end_y,net_dx_px,net_dy_px,abs_net_dx_px,abs_net_dy_px,total_movement_px,path_length_px,direct_distance_px,straightness_ratio,avg_speed_px_per_frame,max_speed_px_per_frame,speed_std,avg_vx_px_per_frame,avg_vy_px_per_frame,vertical_to_horizontal_ratio,horizontal_to_vertical_ratio,max_perpendicular_deviation_px,mean_abs_perpendicular_deviation_px,max_signed_perpendicular_deviation_px,min_signed_perpendicular_deviation_px,quadratic_curvature_y_of_x,abs_quadratic_curvature,early_dx_px,early_dy_px,early_abs_dx_px,early_abs_dy_px,early_movement_px,early_slope_dy_dx,early_speed_px_per_frame,middle_dx_px,middle_dy_px,middle_abs_dx_px,middle_abs_dy_px,middle_movement_px,middle_slope_dy_dx,middle_speed_px_per_frame,late_dx_px,late_dy_px,late_abs_dx_px,late_abs_dy_px,late_movement_px,late_slope_dy_dx,late_speed_px_per_frame,early_to_late_dx_change_px,early_to_late_dy_change_px,slope_change_late_minus_early,horizontal_return_px,horizontal_return_ratio,x_range_px,late_horizontal_return_px,arm_side_net_dx_px,arm_side_net_dx_positive_px,late_arm_side_dx_px,arm_side_return_px,arm_side_return_ratio,arm_side_movement_bool,late_arm_side_movement_bool,pattern_curveball_score,pattern_fastball_score,pattern_changeup_score,rule_pattern_label,rule_pattern_margin,movement_category,horizontal_category,vertical_category,shape_category,horizontal_return_category,arm_side_return_category
pitch001,fastball,RHP,/mnt/data/ball_path001 fastball RHP.csv,ball_path001 fastball RHP.csv,91,87,0.9560439560439561,9,ok,24,110,86.0,0.7166666666666666,1838.462,755.385,1787.657,904.711,-50.805000000000064,149.32600000000002,50.805000000000064,149.32600000000002,157.7320585708562,631.0576060688653,157.7320585708562,0.2499487480286283,7.337879140335644,40.337427496061224,8.428990984247449,-0.5907558139534891,1.7363488372093026,2.9391988977462815,0.34022876123381096,41.085339441216775,12.486829831853928,37.03236718600251,-20.281105141114782,0.028967539945762236,0.028967539945762236,-24.077999999999975,67.452,24.077999999999975,67.452,71.62068407939147,-2.801395464739599,2.4696787613583266,-19.432000000000016,23.711000000000013,19.432000000000016,23.711000000000013,30.656388322827613,-1.2202037875668996,1.0571168387181935,-7.295000000000073,58.16300000000001,7.295000000000073,58.16300000000001,58.618696624882425,-7.972995202193205,2.0935248794600865,16.7829999999999,-9.288999999999987,-5.171599737453606,2.326000000000022,0.027743320610687235,83.84000000000015,0.0,50.805000000000064,50.805000000000064,7.295000000000073,7.295000000000073,0.08701097328244346,True,True,0.061395879891524494,0.7901098722581567,0.253438963550967,fastball,0.5366709087071897,small_total,small_horizontal,medium_vertical,straightish,little_return,little_arm_return
pitch002,changeup,RHP,/mnt/data/ball_path002 changeup RHP.csv,ball_path002 changeup RHP.csv,91,87,0.9560439560439561,9,ok,24,110,86.0,0.7166666666666666,1903.077,735.385,1951.54,934.957,48.462999999999965,199.572,48.462999999999965,199.572,205.371968761562,602.1531235961794,205.371968761562,0.34106269769894965,7.0017805069323185,25.098445469789525,5.035891023000136,0.5635232558139531,2.3206046511627907,4.1180281864515225,0.2428346661856371,80.51422340990275,49.37117492385666,80.51422340990285,0.0,-0.006597732444294353,0.006597732444294353,-48.46199999999999,52.985000000000014,48.46199999999999,52.985000000000014,71.80512286041993,-1.0933308571664402,2.476038719324825,18.095000000000027,82.78899999999999,18.095000000000027,82.78899999999999,84.74342184500222,4.575241779497091,2.9221869601724904,78.82999999999993,63.798,78.82999999999993,63.798,101.41180258727279,0.8093111759482439,3.6218500924025996,127.29199999999992,10.812999999999988,1.902642033114684,0.0,0.0,105.95299999999997,0.0,-48.462999999999965,0.0,-78.82999999999993,0.0,0.0,False,False,0.11833093587836305,0.4032445011910055,0.32557410632525147,fastball,0.07767039486575406,small_total,small_horizontal,medium_vertical,moderate_break,little_return,little_arm_return
pitch003,curveball,RHP,/mnt/data/ball_path003 curveball RHP.csv,ball_path003 curveball RHP.csv,111,107,0.963963963963964,9,ok,24,130,106.0,0.8833333329999999,1783.077,552.308,1836.001,937.92,52.92399999999998,385.61199999999997,52.92399999999998,385.61199999999997,389.22688026394064,847.3343241961431,389.22688026394064,0.459354553626983,7.993720039586256,40.76901806519251,8.008731624333771,0.4992830188679243,3.6378490566037733,7.286146171869098,0.1372467661794757,40.405190857669844,21.754181282179356,0.6475924782715226,-40.405190857669965,0.07077385013293462,0.07077385013293462,22.54099999999994,71.25099999999998,22.54099999999994,71.25099999999998,74.73153070826258,3.1609511556718943,2.1351865916646453,18.23199999999997,80.95900000000006,18.23199999999997,80.95900000000006,82.98653809504292,4.440489249670919,2.3051816137511922,12.151000000000067,233.40199999999993,12.151000000000067,233.40199999999993,233.71807890062755,19.208460209036183,6.677659397160787,-10.389999999999873,162.15099999999995,16.047509053364287,13.048999999999978,0.19779303654525315,65.97299999999996,0.0,-52.92399999999998,0.0,-12.151000000000067,0.0,0.0,False,False,0.4092268802639406,0.6535739258965875,0.17440309583998176,fastball,0.24434704563264686,large_total,small_horizontal,large_vertical,high_break,little_return,little_arm_return
pitch004,fastball,RHP,/mnt/data/ball_path004 fastball RHP.csv,ball_path004 fastball RHP.csv,109,105,0.963302752293578,9,ok,24,128,104.0,0.8666666670000001,1864.615,1046.154,1799.689,949.373,-64.92599999999993,-96.78099999999995,64.92599999999993,96.78099999999995,116.54161246953802,433.4494792513354,116.54161246953802,0.26887011762208496,4.167783454339763,27.74352728115165,4.618145632972952,-0.6242884615384608,-0.9305865384615379,1.4906354927147838,0.6708548165445694,27.74352728115165,8.460038914472108,14.663928126502332,-27.17632836792827,-0.004316296824834531,0.004316296824834531,-41.29500000000007,-62.24699999999996,41.29500000000007,62.24699999999996,74.69917023635537,1.5073737740646531,2.1342620067530107,-4.788999999999987,-14.900000000000091,4.788999999999987,14.900000000000091,15.650703530512697,3.111296721653817,0.4471629580146485,-18.84199999999987,-19.6339999999999,18.84199999999987,19.6339999999999,27.2124037894485,1.0420337543785179,0.8003648173367206,22.453000000000202,42.613000000000056,-0.46534001968613525,0.7509999999999764,0.011434748846627851,65.67699999999991,0.0,64.92599999999993,64.92599999999993,18.84199999999987,18.84199999999987,0.2868888652039511,True,True,0.0,0.7390728375659633,0.3432476011415052,fastball,0.3958252364244581,small_total,small_horizontal,medium_vertical,straightish,little_return,some_arm_return
pitch006,curveball,RHP,/mnt/data/ball_path006 curveball RHP.csv,ball_path006 curveball RHP.csv,96,92,0.9583333333333334,11,ok,24,115,91.0,0.7583333329999999,1676.923,993.846,1550.234,946.842,-126.68900000000008,-47.00400000000002,126.68900000000008,47.00400000000002,135.1276386865397,567.84722417751,135.1276386865397,0.23796477808316022,6.240079386566045,18.737618978941835,4.074769924997141,-1.392186813186814,-0.5165274725274728,0.37101879405473237,2.6952812526593486,83.68158612044466,34.82915657822053,83.68158612044469,-45.60481276739618,0.017378229498013882,0.017378229498013882,-62.56400000000008,-96.08100000000002,62.56400000000008,96.08100000000002,114.65519027501551,1.5357234192187184,3.8218396758338504,-47.85799999999995,27.149,47.85799999999995,27.149,55.02232605951874,-0.5672823770320538,1.7749137438554432,-16.267000000000053,21.927999999999997,16.267000000000053,21.927999999999997,27.30297553381319,-1.3480051638286055,0.9100991844604397,46.297000000000025,118.00900000000001,-2.883728583047324,21.00299999999993,0.14220810876689277,147.692,0.0,126.68900000000008,126.68900000000008,16.267000000000053,16.267000000000053,0.11014137529453222,True,True,0.0762170006826949,0.19752559606600953,0.3298362645511809,changeup,0.1323106684851714,small_total,small_horizontal,small_vertical,moderate_break,some_return,little_arm_return
pitch007,fastball,RHP,/mnt/data/ball_path007 fastball RHP.csv,ball_path007 fastball RHP.csv,91,87,0.9560439560439561,11,ok,24,110,86.0,0.7166666666666666,1753.846,950.769,1660.927,796.351,-92.9190000000001,-154.418,92.9190000000001,154.418,180.21892044122342,719.4131644301891,180.21892044122342,0.25050823275379697,8.365269353839409,38.27124001126698,8.00002288357447,-1.0804534883720942,-1.7955581395348839,1.6618560251401742,0.6017368441502939,46.25281999022183,25.458762437292357,46.25281999022182,-24.797030256639918,-0.005348291554186224,0.005348291554186224,-23.823000000000093,-114.39499999999998,23.823000000000093,114.39499999999998,116.84926766565549,4.801872140368532,4.029285091919155,-30.951999999999998,-4.951999999999998,30.951999999999998,4.951999999999998,31.345631402158737,0.15998966141121732,1.0808838414537496,-38.144000000000005,-35.071000000000026,38.144000000000005,35.071000000000026,51.816404516330564,0.9194368708053697,1.8505858755832345,-14.320999999999913,79.32399999999996,-3.8824352695631625,0.0,0.0,92.9190000000001,0.0,92.9190000000001,92.9190000000001,38.144000000000005,38.144000000000005,0.4105080769272158,True,True,0.027534400000000004,0.6873993382426848,0.37102275557072595,fastball,0.3163765826719589,small_total,small_horizontal,medium_vertical,straightish,little_return,some_arm_return
pitch008,fastball,RHP,/mnt/data/ball_path008 fastball RHP.csv,ball_path008 fastball RHP.csv,91,87,0.9560439560439561,11,ok,24,110,86.0,0.7166666666666666,1843.077,935.385,1744.54,902.943,-98.53700000000003,-32.44200000000001,98.53700000000003,32.44200000000001,103.74017415157932,589.4744187115838,103.74017415157932,0.1759875761501654,6.854353705948649,41.457101587062205,6.986785329381776,-1.1457790697674424,-0.377232558139535,0.3292367334097851,3.037328154860983,47.53072513446259,25.89983022518927,47.530725134462614,-20.746920906988205,0.01774801514310891,0.01774801514310891,-88.3889999999999,-48.822,88.3889999999999,48.822,100.97624970754252,0.5523537996809564,3.481939645087673,-3.7800000000002,-13.480999999999995,3.7800000000002,13.480999999999995,14.000920005485403,3.5664021164019264,0.482790345016738,-6.367999999999938,29.86099999999999,6.367999999999938,29.86099999999999,30.532453962955525,-4.689227386934717,1.0904447843912688,82.02099999999996,78.68299999999999,-5.241581186615673,12.951000000000022,0.11616496842709544,111.48800000000006,0.0,98.53700000000003,98.53700000000003,6.367999999999938,6.367999999999938,0.05711825487944833,True,True,0.015496030286217816,0.43402903868768805,0.2127650504005161,fastball,0.22126398828717195,small_total,small_horizontal,small_vertical,straightish,little_return,little_arm_return
pitch009,changeup,LHP,/mnt/data/ball_path009 changeup LHP.csv,ball_path009 changeup LHP.csv,91,87,0.9560439560439561,11,ok,24,110,86.0,0.7166666666666666,1723.077,815.385,1817.699,1119.419,94.62200000000007,304.0340000000001,94.62200000000007,304.0340000000001,318.4179580990998,477.934809169975,318.4179580990998,0.6662372189464362,5.557381501976454,18.058670853637043,3.5952780892671354,1.1002558139534893,3.535279069767443,3.2131428209084554,0.3112217712492683,39.50597921391417,18.324284992009385,1.1878911800643086,-39.50597921391414,0.029717392121013392,0.029717392121013392,77.2170000000001,123.23900000000003,77.2170000000001,123.23900000000003,145.43148287080078,1.5960086509447386,5.014878719682786,22.251999999999953,119.93799999999987,22.251999999999953,119.93799999999987,121.98473407767042,5.389987416861412,4.206370140609325,-4.84699999999998,60.8570000000002,4.84699999999998,60.8570000000002,61.04971628107721,-12.55560140292974,2.1803470100384716,-82.06400000000008,-62.381999999999834,-14.15161005387448,9.655999999999949,0.09259863058363171,104.27800000000002,4.84699999999998,94.62200000000007,94.62200000000007,-4.84699999999998,0.0,0.0,True,False,0.22507994234112666,0.559788964869764,0.22464543275618035,fastball,0.3347090225286374,medium_total,small_horizontal,large_vertical,straightish,little_return,little_arm_return
pitch010,curveball,RHP,/mnt/data/ball_path010 curveball RHP.csv,ball_path010 curveball RHP.csv,91,87,0.9560439560439561,11,ok,24,110,86.0,0.7166666666666666,2040.0,769.231,1803.0,852.778,-237.0,83.54700000000003,237.0,83.54700000000003,251.2948491493608,631.8699670704092,251.2948491493608,0.39770025835293266,7.34732519849313,40.843299866685626,7.307071606496814,-2.755813953488372,0.9714767441860468,0.3525189873417723,2.8367266329132095,50.86413869318936,23.362945203451822,50.66687195976853,-14.119672416727783,0.0016261707272811816,0.0016261707272811816,-130.01099999999997,14.746999999999957,130.01099999999997,14.746999999999957,130.84469469565815,-0.1134288637115318,4.511886023988212,-65.644,30.114000000000033,65.644,30.114000000000033,72.2217954083115,-0.4587471817683266,2.490406738217638,-41.34500000000003,38.686000000000035,41.34500000000003,38.686000000000035,56.62168860957791,-0.9356875075583507,2.0222031646277823,88.66599999999994,23.939000000000078,-0.8222586438468189,0.0,0.0,241.49700000000007,0.0,237.0,237.0,41.34500000000003,41.34500000000003,0.17120295490213136,True,True,0.07772727272727273,0.3598328400883407,0.28426072066537983,fastball,0.07557211942296088,medium_total,medium_horizontal,small_vertical,straightish,little_return,some_arm_return
pitch011,fastball,RHP,/mnt/data/ball_path011 fastball RHP.csv,ball_path011 fastball RHP.csv,91,87,0.9560439560439561,11,ok,24,110,86.0,0.7166666666666666,1790.769,640.0,1677.284,832.196,-113.4849999999999,192.19600000000003,113.4849999999999,192.19600000000003,223.19979310250264,520.1306329046784,223.19979310250264,0.42912256841332264,6.048030615170679,27.373378764777925,5.522273692610455,-1.3195930232558128,2.234837209302326,1.6935806494250358,0.5904649420383352,49.0998494383332,29.218746994183373,49.09984943833322,-24.922159728191904,0.0033179764290374677,0.0033179764290374677,-95.45700000000011,66.98400000000004,95.45700000000011,66.98400000000004,116.61430060245624,-0.7017190986517485,4.021182779395042,-23.50299999999993,66.65899999999999,23.50299999999993,66.65899999999999,70.68106740846515,-2.8361911245373013,2.4372781864987982,5.475000000000136,58.553,5.475000000000136,58.553,58.80841295256999,10.694611872145853,2.100300462591785,100.93200000000024,-8.43100000000004,11.396330970797601,21.037000000000035,0.1530375446483784,137.46299999999997,5.475000000000136,113.4849999999999,113.4849999999999,-5.475000000000136,0.0,0.0,True,False,0.057756800000000025,0.5108339509258214,0.31672865623293317,fastball,0.19410529469288823,medium_total,small_horizontal,medium_vertical,straightish,some_return,little_arm_return
pitch012,fastball,RHP,/mnt/data/ball_path012 fastball RHP.csv,ball_path012 fastball RHP.csv,91,87,0.9560439560439561,11,ok,24,110,86.0,0.7166666666666666,1612.308,610.769,1573.06,804.46,-39.24800000000005,193.69100000000003,39.24800000000005,193.69100000000003,197.6274499784886,608.1698684209355,197.6274499784886,0.324954359366097,7.071742656057389,47.68737569839631,9.087863164016806,-0.4563720930232564,2.2522209302325584,4.93505401549123,0.2026320273012171,42.99527813026415,15.61982902703367,42.99527813026425,-32.9143671676584,0.003987900604107706,0.003987900604107706,-42.88499999999999,79.231,42.88499999999999,79.231,90.09258896268881,-1.8475224437448994,3.106640998713407,5.2560000000000855,65.19399999999996,5.2560000000000855,65.19399999999996,65.40552860423954,12.40372907153708,2.255363055318605,-1.6190000000001419,49.266000000000076,1.6190000000001419,49.266000000000076,49.29259495096609,-30.429894996909056,1.7604498196773604,41.26599999999985,-29.964999999999918,-28.582372553164156,20.365999999999985,0.2504950616828402,81.30300000000011,0.0,39.24800000000005,39.24800000000005,1.6190000000001419,1.6190000000001419,0.019913164335881084,True,True,0.05895280000000003,0.7200334440148991,0.30306227210844383,fastball,0.4169711719064553,small_total,small_horizontal,medium_vertical,straightish,some_return,little_arm_return
pitch013,changeup,LHP,/mnt/data/ball_path013 changeup LHP.csv,ball_path013 changeup LHP.csv,91,87,0.9560439560439561,11,ok,24,110,86.0,0.7166666666666666,1501.538,953.846,1789.37,1151.074,287.8319999999999,197.22800000000007,287.8319999999999,197.22800000000007,348.9214011894369,663.1845737596326,348.9214011894369,0.5261301528945115,7.711448532088752,35.2415967998046,6.37964397214805,3.346883720930231,2.293348837209303,0.6852191556185557,1.4593871052791683,92.83501689944696,48.72503567133729,0.0,-92.83501689944686,0.003975241605867247,0.003975241605867247,210.49299999999994,73.40499999999997,210.49299999999994,73.40499999999997,222.9250929662248,0.348728936354178,7.687072171249131,56.29600000000005,34.68900000000008,56.29600000000005,34.68900000000008,66.12538345446482,0.6161894273127762,2.280185636360856,21.042999999999893,89.13400000000001,21.042999999999893,89.13400000000001,91.58426614326282,4.2358028798175384,3.2708666479736723,-189.45000000000005,15.729000000000042,3.8870739434633603,7.553000000000111,0.02557001878903841,295.385,0.0,287.8319999999999,287.8319999999999,21.042999999999893,21.042999999999893,0.07123923015725203,True,True,0.3588224737661737,0.12832641735830336,0.29959434655413353,curveball,0.05922812721204018,medium_total,large_horizontal,medium_vertical,high_break,little_return,some_arm_return
pitch014,fastball,LHP,/mnt/data/ball_path014 fastball LHP.csv,ball_path014 fastball LHP.csv,91,87,0.9560439560439561,11,ok,24,110,86.0,0.7166666666666666,1572.308,1001.538,1951.783,1124.053,379.4749999999999,122.5150000000001,379.4749999999999,122.5150000000001,398.76208552218196,720.7392487367061,398.76208552218196,0.5532681704529374,8.380688938798908,31.40869331888851,6.351329026232675,4.412499999999999,1.424593023255815,0.3228539429474936,3.0973758315308295,44.01907140197162,21.35472258123626,20.433984713791684,-44.01907140197162,0.0009432049147231094,0.0009432049147231094,242.01999999999998,56.730999999999995,242.01999999999998,56.730999999999995,248.5801415258266,0.2344062474175688,8.571729018131952,98.3610000000001,30.271999999999935,98.3610000000001,30.271999999999935,102.91394611518896,0.3077642561584358,3.5487567625927228,39.093999999999824,35.51200000000017,39.093999999999824,35.51200000000017,52.8151775534268,0.9083746866526917,1.8862563411938142,-202.92600000000016,-21.218999999999824,0.673968439235123,9.75500000000011,0.02506230249466924,389.23,0.0,379.4749999999999,379.4749999999999,39.093999999999824,39.093999999999824,0.10043932893147964,True,True,0.3927854491585456,0.4091586991166811,0.24285505735995866,fastball,0.01637324995813555,large_total,large_horizontal,medium_vertical,straightish,little_return,some_arm_return
pitch015,changeup,LHP,/mnt/data/ball_path015 changeup LHP.csv,ball_path015 changeup LHP.csv,91,87,0.9560439560439561,11,ok,24,110,86.0,0.7166666666666666,1369.231,986.154,1502.517,1184.866,133.28600000000006,198.712,133.28600000000006,198.712,239.2731007447348,582.6738849916557,239.2731007447348,0.41064668746594224,6.775277732461112,28.42499584872438,4.583082683148394,1.5498372093023263,2.3106046511627905,1.4908692585867975,0.6707496276017556,117.04596736044209,63.367819824632754,21.62030947857744,-117.04596736044206,-0.008982426149742078,0.008982426149742078,148.461,21.53800000000001,148.461,21.53800000000001,150.01517911531488,0.14507513757821924,5.172937210872927,7.429000000000087,86.78700000000003,7.429000000000087,86.78700000000003,87.1043822663361,11.682191412033788,3.003599388494348,-22.604000000000042,90.38699999999994,22.604000000000042,90.38699999999994,93.17054569444139,-3.9987170412316306,3.327519489087192,-171.06500000000005,68.84899999999993,-4.14379217880985,32.86799999999994,0.19781648350325565,166.154,22.604000000000042,133.28600000000006,133.28600000000006,-22.604000000000042,0.0,0.0,True,False,0.19592524434380448,0.3044027165026829,0.40037938299093656,changeup,0.09597666648825365,medium_total,small_horizontal,medium_vertical,high_break,some_return,little_arm_return
pitch016,curveball,LHP,/mnt/data/ball_path016 curveball LHP.csv,ball_path016 curveball LHP.csv,91,87,0.9560439560439561,11,ok,24,110,86.0,0.7166666666666666,1366.154,1184.615,1819.851,1288.26,453.6970000000001,103.64499999999998,453.6970000000001,103.64499999999998,465.3850597451535,674.2037064002783,465.3850597451535,0.6902736596183171,7.839577981398585,32.637064727086056,5.800675211626657,5.275546511627908,1.205174418604651,0.22844541621390477,4.377413285734963,71.94857939001275,40.198743204380214,0.0,-71.94857939001272,0.0012516339126141013,0.0012516339126141013,229.56600000000003,0.07500000000004547,229.56600000000003,0.07500000000004547,229.5660122513784,0.00032670343169304456,7.916069387978565,141.212,27.479000000000042,141.212,27.479000000000042,143.8607812609121,0.19459394385746284,4.960716595203865,82.9190000000001,76.0909999999999,82.9190000000001,76.0909999999999,112.5406630600691,0.917654578564621,4.019309395002468,-146.64699999999993,76.01599999999985,0.9173278751329279,0.0,0.0,453.6970000000001,0.0,453.6970000000001,453.6970000000001,82.9190000000001,82.9190000000001,0.18276294531372275,True,True,0.5217034441523237,0.13084899275168946,0.4236042799507679,curveball,0.09809916420155584,large_total,large_horizontal,medium_vertical,moderate_break,little_return,strong_arm_return
pitch017,fastball,LHP,/mnt/data/ball_path017 fastball LHP.csv,ball_path017 fastball LHP.csv,91,87,0.9560439560439561,11,ok,24,110,86.0,0.7166666666666666,1464.615,1086.154,1685.079,1058.734,220.46399999999994,-27.420000000000073,220.46399999999994,27.420000000000073,222.1626244353446,589.1937714006277,222.1626244353446,0.37706207230809824,6.851090365123579,27.57415313296128,5.228824381594967,2.5635348837209295,-0.31883720930232645,0.12437404746353183,8.040262582056869,44.57748131653983,14.77138929722465,44.57748131653987,-12.116873388770188,0.0014448404397643959,0.0014448404397643959,140.76999999999998,-17.5,140.76999999999998,17.5,141.85359671153915,-0.12431626056688216,4.89150333488066,69.42200000000003,17.136999999999944,69.42200000000003,17.136999999999944,71.50587984914249,0.24685258275474542,2.465719994798017,10.271999999999935,-27.057000000000016,10.271999999999935,27.057000000000016,28.941237585839335,-2.6340537383177756,1.0336156280656905,-130.49800000000005,-9.557000000000016,-2.5097374777508934,11.844000000000051,0.0509840384317374,232.308,0.0,220.46399999999994,220.46399999999994,10.271999999999935,10.271999999999935,0.04421715997727127,True,True,0.05517818181818174,0.4407367336299471,0.12144603997231197,fastball,0.3192906936576351,medium_total,medium_horizontal,small_vertical,straightish,little_return,little_arm_return
pitch018,fastball,LHP,/mnt/data/ball_path018 fastball LHP.csv,ball_path018 fastball LHP.csv,91,87,0.9560439560439561,11,ok,24,110,86.0,0.7166666666666666,1413.846,1220.0,1650.409,1384.694,236.5630000000001,164.69399999999996,236.5630000000001,164.69399999999996,288.2467113515782,695.2481998024269,288.2467113515782,0.4145954084217566,8.084281393051477,46.15870887492411,6.650388542403995,2.750732558139536,1.9150465116279065,0.6961950939073308,1.4363789816265327,61.44763400750954,26.67117809465016,17.13372648673932,-61.44763400750942,0.002540622269995178,0.002540622269995178,186.90100000000007,74.50199999999995,186.90100000000007,74.50199999999995,201.20271321480737,0.3986174498798825,6.938024593614047,54.45699999999988,57.80899999999997,54.45699999999988,57.80899999999997,79.41942665368457,1.0615531520282075,2.7386009190925713,-4.794999999999845,32.38300000000004,4.794999999999845,32.38300000000004,32.73607664336093,-6.753493222106586,1.1691455944057476,-191.6959999999999,-42.118999999999915,-7.152110671986469,16.863999999999805,0.06654381735174157,253.4269999999999,4.794999999999845,236.5630000000001,236.5630000000001,-4.794999999999845,0.0,0.0,True,False,0.13494963357546239,0.32136516005417753,0.19274022364631688,fastball,0.12862493640786066,medium_total,medium_horizontal,medium_vertical,moderate_break,little_return,little_arm_return
pitch019,fastball,LHP,/mnt/data/ball_path019 fastball LHP.csv,ball_path019 fastball LHP.csv,91,87,0.9560439560439561,11,ok,24,110,86.0,0.7166666666666666,1343.077,1100.0,1611.037,1159.853,267.96000000000004,59.853000000000065,267.96000000000004,59.853000000000065,274.5631861867137,558.3481333433962,274.5631861867137,0.4917419254948085,6.492420155155769,38.572464647725084,5.446446873013177,3.1158139534883724,0.6959651162790705,0.22336542767577272,4.476968573003855,32.18717741711439,10.403412513158727,21.46135818074634,-32.18717741711444,0.0012265736781445179,0.0012265736781445179,211.80999999999995,36.833000000000084,211.80999999999995,36.833000000000084,214.98871130596598,0.17389641659978328,7.413403838136758,30.817000000000007,19.9849999999999,30.817000000000007,19.9849999999999,36.729929403689255,0.648505694908651,1.266549289782388,25.333000000000084,3.035000000000082,25.333000000000084,3.035000000000082,25.51415516923899,0.11980420795010745,0.911219827472821,-186.47699999999986,-33.798,-0.05409220864967583,4.416999999999916,0.016216494050525256,272.37699999999995,0.0,267.96000000000004,267.96000000000004,25.333000000000084,25.333000000000084,0.09300711880959144,True,True,0.11994545454545458,0.47251497579829943,0.15728856763281773,fastball,0.3152264081654817,medium_total,large_horizontal,small_vertical,straightish,little_return,some_arm_return
pitch020,curveball,RHP,/mnt/data/ball_path020 curveball RHP.csv,ball_path020 curveball RHP.csv,101,97,0.9603960396039604,13,ok,24,120,96.0,0.8,2249.231,932.308,1639.311,1357.489,-609.9200000000003,425.18100000000004,609.9200000000003,425.18100000000004,743.4926288545169,1027.0827764558635,743.4926288545169,0.7238877390389836,10.698778921415245,32.86792577878923,7.042074609760307,-6.353333333333336,4.42896875,0.697109456977964,1.434494956265685,107.87752348207147,55.02767385395064,107.87752348207135,-42.000428040706794,0.0013825725407453032,0.0013825725407453032,-346.1540000000002,135.38400000000001,346.1540000000002,135.38400000000001,371.6872599000404,-0.39110915950704,11.615226871876262,-166.154,169.231,166.154,169.231,237.16298842146512,-1.0185189643342922,7.411343388170785,-97.61200000000008,120.56600000000003,97.61200000000008,120.56600000000003,155.12660281202585,-1.235155513666352,4.847706337875808,248.54200000000014,-14.817999999999984,-0.844046354159312,0.0,0.0,609.9200000000003,0.0,609.9200000000003,609.9200000000003,97.61200000000008,97.61200000000008,0.16004066107030435,True,True,0.8633089788901531,0.17023113687040917,0.5499999999999999,curveball,0.3133089788901532,large_total,large_horizontal,large_vertical,high_break,little_return,strong_arm_return
pitch021,curveball,RHP,/mnt/data/ball_path021 curveball rhp.csv,ball_path021 curveball rhp.csv,101,97,0.9603960396039604,13,ok,24,120,96.0,0.8,2238.462,636.923,1522.868,1152.886,-715.594,515.963,715.594,515.963,882.2089266182926,1259.7077103057616,882.2089266182926,0.700328274091582,13.121955315685016,42.98117067972899,8.065459745849338,-7.454104166666667,5.374614583333333,0.7210275659102786,1.3869095264582927,159.62967940805228,95.1364701679888,159.62967940805237,-2.4280077987998405,0.0015196387939300875,0.0015196387939300875,-375.385,110.769,375.385,110.769,391.3868541302837,-0.2950810501218749,12.230839191571366,-189.231,156.923,189.231,156.923,245.83164826767117,-0.8292668748777949,7.682239008364724,-150.97800000000007,248.27099999999996,150.97800000000007,248.27099999999996,290.5733055960234,-1.6444183920836137,9.08041579987573,224.40699999999993,137.50199999999995,-1.3493373419617387,0.0,0.0,715.594,0.0,715.594,715.594,150.97800000000007,150.97800000000007,0.21098276396951351,True,True,0.9,0.17521407623130805,0.5499999999999999,curveball,0.3500000000000001,large_total,large_horizontal,large_vertical,high_break,little_return,strong_arm_return
pitch022,curveball,LHP,/mnt/data/ball_path022 curveball LHP.csv,ball_path022 curveball LHP.csv,96,92,0.9583333333333334,13,ok,24,115,91.0,0.7583333329999999,1310.769,733.846,1712.308,864.615,401.539,130.769,401.539,130.769,422.2962229075699,562.3900565828184,422.2962229075699,0.7508956069983111,6.180110511899103,23.660037806394126,4.69762719567074,4.412516483516483,1.4370219780219782,0.3256694866501137,3.070597771643126,73.16905205368847,42.88778978328934,0.0,-73.16905205368846,0.0014687508159586275,0.0014687508159586275,239.93599999999992,2.9969999999999573,239.93599999999992,2.9969999999999573,239.9547167800624,0.012490830888236689,7.998490559335413,132.51700000000005,66.65300000000002,132.51700000000005,66.65300000000002,148.33535552254565,0.5029769765388591,4.785011468469214,29.086000000000013,61.11900000000003,29.086000000000013,61.11900000000003,67.68698218269155,2.1013202227875953,2.256232739423052,-210.8499999999999,58.12200000000007,2.088829391899359,7.692000000000007,0.018796230002125956,409.231,0.0,401.539,401.539,29.086000000000013,29.086000000000013,0.0710747719503166,True,True,0.4898451058797595,0.04232801626000752,0.2876932490649346,curveball,0.2021518568148249,large_total,large_horizontal,medium_vertical,moderate_break,little_return,some_arm_return
pitch023,curveball,LHP,/mnt/data/ball_path023 curveball LHP.csv,ball_path023 curveball LHP.csv,101,97,0.9603960396039604,13,ok,24,120,96.0,0.8,1336.923,593.846,1689.393,657.762,352.47,63.91599999999994,352.47,63.91599999999994,358.2183076784323,525.8584358761464,358.2183076784323,0.6812067340549468,5.477692040376525,29.05137497606624,5.40384690467162,3.6715625000000003,0.665791666666666,0.18133741878741436,5.514581638400406,68.7109311958874,39.53507562144126,0.0,-68.71093119588741,0.002077988102869194,0.002077988102869194,193.846,-30.769000000000005,193.846,30.769000000000005,196.27277721833968,-0.1587290942294399,6.133524288073115,83.077,33.846000000000004,83.077,33.846000000000004,89.70696542075203,0.4074051783285386,2.803342669398501,75.54700000000003,60.83899999999994,75.54700000000003,60.83899999999994,96.99862437168889,0.8053132487061024,3.031207011615278,-118.29899999999998,91.60799999999995,0.9640423429355424,0.0,0.0,352.47,0.0,352.47,352.47,75.54700000000003,75.54700000000003,0.21433597185576084,True,True,0.3427852381631261,0.03168617223938829,0.44078027927042596,changeup,0.09799504110729984,medium_total,large_horizontal,small_vertical,moderate_break,little_return,strong_arm_return
pitch024,curveball,LHP,/mnt/data/ball_path024 curveball LHP.csv,ball_path024 curveball LHP.csv,96,92,0.9583333333333334,13,ok,24,115,91.0,0.7583333329999999,1290.769,609.231,1555.385,724.615,264.616,115.38400000000001,264.616,115.38400000000001,288.67818572244073,475.0548593289466,288.67818572244073,0.607673366672266,5.2203830695488636,20.8974981516927,4.777735508082215,2.9078681318681316,1.2679560439560442,0.4360431719926234,2.2933508978714547,48.63811643010666,28.367125982481298,1.991434713230311,-48.63811643010659,0.0026210842503297496,0.0026210842503297496,130.4380000000001,12.629999999999995,130.4380000000001,12.629999999999995,131.04803983272708,0.09682761158558077,4.368267994424236,87.42799999999988,50.964000000000055,87.42799999999988,50.964000000000055,101.19774938208846,0.5829253785972471,3.2644435284544664,46.75,51.789999999999964,46.75,51.789999999999964,69.7693815366024,1.1078074866310152,2.32564605122008,-83.6880000000001,39.15999999999997,1.0109798750454344,1.0009999999999764,0.003768584089120713,265.61699999999996,0.0,264.616,264.616,46.75,46.75,0.17600530086553198,True,True,0.12406364026789524,0.21873501941161208,0.3599736491070159,changeup,0.14123862969540382,medium_total,large_horizontal,medium_vertical,straightish,little_return,some_arm_return
pitch025,curveball,LHP,/mnt/data/ball_path025 curveball lhp.csv,ball_path025 curveball lhp.csv,91,87,0.9560439560439561,12,ok,24,110,86.0,0.7166666666666666,1136.923,680.0,1387.692,772.308,250.769,92.30799999999999,250.769,92.30799999999999,267.2187460209332,409.8435532001244,267.2187460209332,0.6520018283426597,4.765622711629353,18.013009576414472,3.4213740671858432,2.915918604651163,1.0733488372093023,0.3680997252451459,2.7166551111496298,47.66724664968744,27.96437945792401,1.4606131785732157,-47.667246649687435,0.0023679806468386963,0.0023679806468386963,119.97000000000003,4.086000000000013,119.97000000000003,4.086000000000013,120.03956137873882,0.03405851462865726,4.139295219956511,83.13699999999994,42.31700000000001,83.13699999999994,42.31700000000001,93.28713340005679,0.509003211566451,3.216797703450234,47.662000000000035,45.90499999999997,47.662000000000035,45.90499999999997,66.17352392762533,0.9631362511015051,2.363340140272333,-72.30799999999999,41.81899999999996,0.9290777364728479,3.4990000000000236,0.013761070995957114,254.26800000000003,0.0,250.769,250.769,47.662000000000035,47.662000000000035,0.18744788962826636,True,True,0.09650318181818182,0.24046447685856376,0.3707648176437564,changeup,0.13030034078519265,medium_total,medium_horizontal,medium_vertical,straightish,little_return,some_arm_return
pitch026,changeup,RHP,/mnt/data/ball_path026 changeup RHP.csv,ball_path026 changeup RHP.csv,91,87,0.9560439560439561,12,ok,24,110,86.0,0.7166666666666666,1750.769,632.308,1680.0,763.077,-70.769,130.769,70.769,130.769,148.69022402969202,506.68511438751705,148.69022402969202,0.2934568626698839,5.891687376599036,24.607040963919317,5.427786115188905,-0.8228953488372094,1.5205697674418606,1.8478288516158203,0.5411756608982251,66.56975963680992,22.28694418267892,66.56975963680986,-1.8970825879155597,0.008699928367483987,0.008699928367483987,-65.74800000000005,19.291000000000054,65.74800000000005,19.291000000000054,68.51964816751476,-0.29340816450690577,2.3627464885349916,0.8830000000000382,69.66899999999998,0.8830000000000382,69.66899999999998,69.6745954419543,78.90033975084594,2.4025722566191137,-5.903999999999996,41.80899999999997,5.903999999999996,41.80899999999997,42.22380486171275,-7.081470189701896,1.5079930307754554,59.84400000000005,22.517999999999915,-6.788062025194991,16.420000000000073,0.17165318112442296,95.65800000000013,0.0,70.769,70.769,5.903999999999996,5.903999999999996,0.06171987706203337,True,True,0.0334075420788784,0.5427928019699846,0.33589159298099847,fastball,0.20690120898898612,small_total,small_horizontal,medium_vertical,moderate_break,little_return,little_arm_return
pitch027,changeup,LHP,/mnt/data/ball_path027 changeup LHP.csv,ball_path027 changeup LHP.csv,91,87,0.9560439560439561,12,ok,24,110,86.0,0.7166666666666666,1290.769,418.462,1649.231,509.231,358.462,90.769,358.462,90.769,369.7756303557605,519.9517898149061,369.7756303557605,0.7111729156416488,6.045951044359373,21.3161394253274,4.525925556571657,4.168162790697674,1.0554534883720932,0.2532179143116983,3.9491676673754252,65.54067775554387,36.70818772913535,0.0,-65.54067775554387,0.0015455797980813595,0.0015455797980813595,229.029,-9.615000000000009,229.029,9.615000000000009,229.23073761169115,-0.041981583118295106,7.904508193506592,81.96399999999994,46.80600000000004,81.96399999999994,46.80600000000004,94.38696378208165,0.5710555853789477,3.254722889037298,47.46900000000005,53.577999999999975,47.46900000000005,53.577999999999975,71.58147836556606,1.1286945164212416,2.556481370198788,-181.55999999999995,63.192999999999984,1.1706760995395367,0.0,0.0,358.462,0.0,358.462,358.462,47.46900000000005,47.46900000000005,0.1324240784239335,True,True,0.3557200697020557,0.09223988665004869,0.33456455818465003,curveball,0.02115551151740569,medium_total,large_horizontal,medium_vertical,moderate_break,little_return,some_arm_return
pitch028,changeup,LHP,/mnt/data/ball_path028 changeup LHP.csv,ball_path028 changeup LHP.csv,91,87,0.9560439560439561,12,ok,24,110,86.0,0.7166666666666666,1700.0,653.846,1792.308,669.231,92.30799999999999,15.384999999999991,92.30799999999999,15.384999999999991,93.58132874136805,244.7082918081343,93.58132874136805,0.38241993375010486,2.845445253582957,14.363312292086258,2.616196897064714,1.0733488372093023,0.1788953488372092,0.1666702777657407,5.999870003249922,31.25869499835208,14.290051178652568,0.10715894008848766,-30.822198025971687,0.004752980924143168,0.004752980924143168,63.72900000000004,-11.187999999999988,63.72900000000004,11.187999999999988,64.70360720238097,-0.17555586938442438,2.2311588690476194,22.492999999999938,5.755999999999972,22.492999999999938,5.755999999999972,23.217807497694455,0.25590183612679446,0.8006140516446364,6.086000000000013,20.817000000000007,6.086000000000013,20.817000000000007,21.688404390364923,3.420473217219843,0.7745858710844615,-57.64300000000003,32.004999999999995,3.5960290866042675,11.42599999999993,0.10545551874036621,108.34899999999993,0.0,92.30799999999999,92.30799999999999,6.086000000000013,6.086000000000013,0.05617033844336373,True,True,0.0,0.520223772452837,0.25618582801962364,fastball,0.2640379444332134,small_total,small_horizontal,small_vertical,straightish,little_return,little_arm_return
pitch029,changeup,RHP,/mnt/data/ball_path029 changeup RHP.csv,ball_path029 changeup RHP.csv,91,87,0.9560439560439561,12,ok,24,110,86.0,0.7166666666666666,1675.385,1132.308,1592.308,1098.462,-83.077,-33.846000000000004,83.077,33.846000000000004,89.70696542075203,405.7764248429862,89.70696542075203,0.22107485779999128,4.718330521430072,22.188087186596288,4.493983532000338,-0.9660116279069767,-0.3935581395348838,0.4074051783285386,2.454558884358565,36.73868355017648,17.189172951663537,36.49569587650604,0.0,0.005432994076415184,0.005432994076415184,-74.63400000000001,-61.534000000000106,74.63400000000001,61.534000000000106,96.72986670103508,0.8244767800198314,3.3355126448632784,-25.19399999999996,-1.477999999999838,25.19399999999996,1.477999999999838,25.23731602211292,0.05866476145113283,0.8702522766245835,16.750999999999976,29.16599999999994,16.750999999999976,29.16599999999994,33.63408326385596,1.7411497821025599,1.2012172594234272,91.38499999999999,90.70000000000005,0.9166730020827285,18.820999999999913,0.18470431215529184,101.89799999999991,16.750999999999976,83.077,83.077,-16.750999999999976,0.0,0.0,True,False,0.0,0.47598725509416817,0.2688099662117528,fastball,0.20717728888241538,small_total,small_horizontal,small_vertical,straightish,some_return,little_arm_return
pitch030,changeup,RHP,/mnt/data/ball_path030 changeup RHP.csv,ball_path030 changeup RHP.csv,91,87,0.9560439560439561,12,ok,24,110,86.0,0.7166666666666666,1536.923,1047.692,1404.615,1046.154,-132.308,-1.538000000000011,132.308,1.538000000000011,132.31693885515944,374.4402051805086,132.31693885515944,0.3533726801355977,4.353955874191961,23.99902268843463,3.701377325544425,-1.5384651162790697,-0.017883720930232685,0.011624391571182476,86.02600780234009,48.3379409117172,28.454482110099335,48.33794091171723,-11.966614945145034,0.007944078460264624,0.007944078460264624,-98.48199999999997,-49.48599999999999,98.48199999999997,49.48599999999999,110.21600845612217,0.5024877642614894,3.8005520157283508,-27.7650000000001,29.140999999999963,27.7650000000001,29.140999999999963,40.250380196962155,-1.0495587970466362,1.387944144722833,-6.060999999999922,18.807000000000016,6.060999999999922,18.807000000000016,19.759528587494177,-3.1029533080350205,0.7056974495533634,92.42100000000005,68.293,-3.60544107229651,9.780999999999949,0.06411626275802816,152.55099999999993,0.0,132.308,132.308,6.060999999999922,6.060999999999922,0.039730975214845685,True,True,0.0,0.326127020447863,0.2570840458778784,fastball,0.0690429745699846,small_total,small_horizontal,small_vertical,straightish,little_return,little_arm_return
pitch031,changeup,RHP,/mnt/data/ball_path031 changeup RHP.csv,ball_path031 changeup RHP.csv,91,87,0.9560439560439561,12,ok,24,110,86.0,0.7166666666666666,1229.231,1303.077,1121.538,1292.308,-107.69299999999998,-10.769000000000005,107.69299999999998,10.769000000000005,108.23009567583314,338.017316102592,108.23009567583314,0.32019097992892204,3.930433908169675,15.603724459243615,3.3519831915995435,-1.2522441860465114,-0.1252209302325582,0.0999972143036224,10.000278577398081,56.48067731834184,27.461138241361954,56.48067731834176,-5.679742027034518,0.00943633244948997,0.00943633244948997,-95.33799999999997,-65.58699999999999,95.33799999999997,65.58699999999999,115.7194400824684,0.6879418490003987,3.990325520085117,-24.076000000000022,25.385999999999967,24.076000000000022,25.385999999999967,34.98718010929145,-1.0544110317328437,1.2064544865272915,11.721000000000004,29.432000000000016,11.721000000000004,29.432000000000016,31.680032591523656,2.511048545345961,1.1314297354115592,107.05899999999997,95.019,1.8231066963455622,19.276000000000067,0.1488689634932777,129.48299999999995,11.721000000000004,107.69299999999998,107.69299999999998,-11.721000000000004,0.0,0.0,True,False,0.0031728799678753714,0.31215972231644995,0.3163710774877413,changeup,0.004211355171291342,small_total,small_horizontal,small_vertical,moderate_break,some_return,little_arm_return
